Crossing, Latitude, Longitude
Bornholmer Strasse, 52.554740, 13.397665
Chausseestrasse, 52.540476, 13.369657
Invalidenstrasse, 52.527903, 13.374065
Friedrichstrasse, 52.507622, 13.390418
Heinrich-Heine-Strasse, 52.504716, 13.411608
Oberbaumbruecke, 52.501974, 13.445873
Sonnenallee, 52.461675, 13.478443
Friedrichstrasse station, 52.520276, 13.387037
Grenzuebergangsstelle Drewitz-Dreilinden, 52.415474, 13.197161
Glienicker Bruecke, 52.413490, 13.090139
Heerstrasse, 52.529062, 13.119219
Berlin-Heiligensee, 52.628056, 13.241596